<?xml version="1.0" encoding="UTF-8"?>
<metadata xml:lang="id"><Esri><CreaDate>20230324</CreaDate><CreaTime>13190700</CreaTime><ArcGISFormat>1.0</ArcGISFormat><ArcGISstyle>FGDC CSDGM Metadata</ArcGISstyle><SyncOnce>FALSE</SyncOnce><DataProperties><itemProps><itemName Sync="TRUE">_1304_TANAH_DATAR</itemName><imsContentType Sync="TRUE">002</imsContentType><itemLocation><linkage Sync="TRUE">file://\\MSI\D$\01. Data Dasar\RTRWK INDONESIA-20200908T034523Z-001\RTRWK INDONESIA\_1300_SUMATERA_BARAT.gdb</linkage><protocol Sync="TRUE">Local Area Network</protocol></itemLocation><itemSize Sync="TRUE">0.000</itemSize><nativeExtBox><westBL Sync="TRUE">100.313403</westBL><eastBL Sync="TRUE">100.852184</eastBL><southBL Sync="TRUE">-0.659145</southBL><northBL Sync="TRUE">-0.277996</northBL><exTypeCode Sync="TRUE">1</exTypeCode></nativeExtBox></itemProps><coordRef><type Sync="TRUE">Geographic</type><geogcsn Sync="TRUE">GCS_WGS_1984</geogcsn><csUnits Sync="TRUE">Angular Unit: Degree (0.017453)</csUnits><peXml Sync="TRUE">&lt;GeographicCoordinateSystem xsi:type='typens:GeographicCoordinateSystem' xmlns:xsi='http://www.w3.org/2001/XMLSchema-instance' xmlns:xs='http://www.w3.org/2001/XMLSchema' xmlns:typens='http://www.esri.com/schemas/ArcGIS/10.7'&gt;&lt;WKT&gt;GEOGCS[&amp;quot;GCS_WGS_1984&amp;quot;,DATUM[&amp;quot;D_WGS_1984&amp;quot;,SPHEROID[&amp;quot;WGS_1984&amp;quot;,6378137.0,298.257223563]],PRIMEM[&amp;quot;Greenwich&amp;quot;,0.0],UNIT[&amp;quot;Degree&amp;quot;,0.0174532925199433],AUTHORITY[&amp;quot;EPSG&amp;quot;,4326]]&lt;/WKT&gt;&lt;XOrigin&gt;-400&lt;/XOrigin&gt;&lt;YOrigin&gt;-400&lt;/YOrigin&gt;&lt;XYScale&gt;999999999.99999988&lt;/XYScale&gt;&lt;ZOrigin&gt;-100000&lt;/ZOrigin&gt;&lt;ZScale&gt;10000&lt;/ZScale&gt;&lt;MOrigin&gt;-100000&lt;/MOrigin&gt;&lt;MScale&gt;10000&lt;/MScale&gt;&lt;XYTolerance&gt;8.983152841195215e-09&lt;/XYTolerance&gt;&lt;ZTolerance&gt;0.001&lt;/ZTolerance&gt;&lt;MTolerance&gt;0.001&lt;/MTolerance&gt;&lt;HighPrecision&gt;true&lt;/HighPrecision&gt;&lt;LeftLongitude&gt;-180&lt;/LeftLongitude&gt;&lt;WKID&gt;4326&lt;/WKID&gt;&lt;LatestWKID&gt;4326&lt;/LatestWKID&gt;&lt;/GeographicCoordinateSystem&gt;</peXml></coordRef><lineage><Process ToolSource="c:\program files (x86)\arcgis\desktop10.2\ArcToolbox\Toolboxes\Data Management Tools.tbx\CopyFeatures" Date="20160607" Time="170838">CopyFeatures "C:\Users\George Dom\Desktop\Penataan\Materi 22\RTRW  SUMATERA\SUMATERA BARAT\TANAH DATAR\PETA RENCANA\POLA RUANG\Pola_Ruang.shp" "C:\Users\George Dom\Desktop\Penataan\Materi 22\DATABASE\1000_SUMATERA.gdb\_1300_SUMATERA_BARAT\Pola_Ruang" # 0 0 0</Process><Process Name="Add Field" ToolSource="c:\program files (x86)\arcgis\desktop10.2\ArcToolbox\Toolboxes\Data Management Tools.tbx\AddField" Date="20160919" Time="112910">AddField _1305_TANAH_DATAR_PR_03_P_SB KET_PETA TEXT # # 250 # NULLABLE NON_REQUIRED #</Process><Process Name="Add Field (2)" ToolSource="c:\program files (x86)\arcgis\desktop10.2\ArcToolbox\Toolboxes\Data Management Tools.tbx\AddField" Date="20160919" Time="112910">AddField _1305_TANAH_DATAR_PR_03_P_SB NAMA_UNSUR TEXT # # 250 # NULLABLE NON_REQUIRED #</Process><Process Name="Add Field (3)" ToolSource="c:\program files (x86)\arcgis\desktop10.2\ArcToolbox\Toolboxes\Data Management Tools.tbx\AddField" Date="20160919" Time="112911">AddField _1305_TANAH_DATAR_PR_03_P_SB KODE_UNSUR DOUBLE # # # # NULLABLE NON_REQUIRED #</Process><Process Name="Add Field (4)" ToolSource="c:\program files (x86)\arcgis\desktop10.2\ArcToolbox\Toolboxes\Data Management Tools.tbx\AddField" Date="20160919" Time="112911">AddField _1305_TANAH_DATAR_PR_03_P_SB KET TEXT # # 250 # NULLABLE NON_REQUIRED #</Process><Process ToolSource="c:\program files (x86)\arcgis\desktop10.2\ArcToolbox\Toolboxes\Data Management Tools.tbx\CalculateField" Date="20160919" Time="114023">CalculateField _1305_TANAH_DATAR_PR_03_P_SB KET_PETA [PERUNTUKAN] VB #</Process><Process ToolSource="c:\program files (x86)\arcgis\desktop10.2\ArcToolbox\Toolboxes\Data Management Tools.tbx\CalculateField" Date="20160919" Time="114054">CalculateField _1305_TANAH_DATAR_PR_03_P_SB NAMA_UNSUR "Kawasan danau" VB #</Process><Process ToolSource="c:\program files (x86)\arcgis\desktop10.2\ArcToolbox\Toolboxes\Data Management Tools.tbx\CalculateField" Date="20160919" Time="114105">CalculateField _1305_TANAH_DATAR_PR_03_P_SB KODE_UNSUR 50316100 VB #</Process><Process ToolSource="c:\program files (x86)\arcgis\desktop10.2\ArcToolbox\Toolboxes\Data Management Tools.tbx\CalculateField" Date="20160919" Time="114618">CalculateField _1305_TANAH_DATAR_PR_03_P_SB NAMA_UNSUR "Kawasan hutan lindung" VB #</Process><Process ToolSource="c:\program files (x86)\arcgis\desktop10.2\ArcToolbox\Toolboxes\Data Management Tools.tbx\CalculateField" Date="20160919" Time="114627">CalculateField _1305_TANAH_DATAR_PR_03_P_SB KODE_UNSUR 50212100 VB #</Process><Process ToolSource="c:\program files (x86)\arcgis\desktop10.2\ArcToolbox\Toolboxes\Data Management Tools.tbx\CalculateField" Date="20160919" Time="114647">CalculateField _1305_TANAH_DATAR_PR_03_P_SB NAMA_UNSUR "Pertanian hortikultura" VB #</Process><Process ToolSource="c:\program files (x86)\arcgis\desktop10.2\ArcToolbox\Toolboxes\Data Management Tools.tbx\CalculateField" Date="20160919" Time="114657">CalculateField _1305_TANAH_DATAR_PR_03_P_SB KODE_UNSUR 50306300 VB #</Process><Process ToolSource="c:\program files (x86)\arcgis\desktop10.2\ArcToolbox\Toolboxes\Data Management Tools.tbx\CalculateField" Date="20160919" Time="114834">CalculateField _1305_TANAH_DATAR_PR_03_P_SB NAMA_UNSUR "Kawasan hutan produksi" VB #</Process><Process ToolSource="c:\program files (x86)\arcgis\desktop10.2\ArcToolbox\Toolboxes\Data Management Tools.tbx\CalculateField" Date="20160919" Time="114843">CalculateField _1305_TANAH_DATAR_PR_03_P_SB KODE_UNSUR 50302000 VB #</Process><Process ToolSource="c:\program files (x86)\arcgis\desktop10.2\ArcToolbox\Toolboxes\Data Management Tools.tbx\CalculateField" Date="20160919" Time="114908">CalculateField _1305_TANAH_DATAR_PR_03_P_SB NAMA_UNSUR "Hutan produksi yang dapat dikonversi" VB #</Process><Process ToolSource="c:\program files (x86)\arcgis\desktop10.2\ArcToolbox\Toolboxes\Data Management Tools.tbx\CalculateField" Date="20160919" Time="114917">CalculateField _1305_TANAH_DATAR_PR_03_P_SB KODE_UNSUR 50302103 VB #</Process><Process ToolSource="c:\program files (x86)\arcgis\desktop10.2\ArcToolbox\Toolboxes\Data Management Tools.tbx\CalculateField" Date="20160919" Time="115005">CalculateField _1305_TANAH_DATAR_PR_03_P_SB NAMA_UNSUR "Kawasan suaka alam, pelestarian alam, dan cagar budaya" VB #</Process><Process ToolSource="c:\program files (x86)\arcgis\desktop10.2\ArcToolbox\Toolboxes\Data Management Tools.tbx\CalculateField" Date="20160919" Time="115235">CalculateField _1305_TANAH_DATAR_PR_03_P_SB NAMA_UNSUR "Kawasan suaka alam" VB #</Process><Process ToolSource="c:\program files (x86)\arcgis\desktop10.2\ArcToolbox\Toolboxes\Data Management Tools.tbx\CalculateField" Date="20160919" Time="115244">CalculateField _1305_TANAH_DATAR_PR_03_P_SB KODE_UNSUR 50216100 VB #</Process><Process ToolSource="c:\program files (x86)\arcgis\desktop10.2\ArcToolbox\Toolboxes\Data Management Tools.tbx\CalculateField" Date="20160919" Time="115306">CalculateField _1305_TANAH_DATAR_PR_03_P_SB NAMA_UNSUR "Kawasan Perkebunan" VB #</Process><Process ToolSource="c:\program files (x86)\arcgis\desktop10.2\ArcToolbox\Toolboxes\Data Management Tools.tbx\CalculateField" Date="20160919" Time="115319">CalculateField _1305_TANAH_DATAR_PR_03_P_SB KODE_UNSUR 50304000 VB #</Process><Process ToolSource="c:\program files (x86)\arcgis\desktop10.2\ArcToolbox\Toolboxes\Data Management Tools.tbx\CalculateField" Date="20160919" Time="115345">CalculateField _1305_TANAH_DATAR_PR_03_P_SB NAMA_UNSUR "Kawasan Permukiman" VB #</Process><Process ToolSource="c:\program files (x86)\arcgis\desktop10.2\ArcToolbox\Toolboxes\Data Management Tools.tbx\CalculateField" Date="20160919" Time="115356">CalculateField _1305_TANAH_DATAR_PR_03_P_SB KODE_UNSUR 50600000 VB #</Process><Process ToolSource="c:\program files (x86)\arcgis\desktop10.2\ArcToolbox\Toolboxes\Data Management Tools.tbx\CalculateField" Date="20160919" Time="115417">CalculateField _1305_TANAH_DATAR_PR_03_P_SB NAMA_UNSUR "Pertanian Pangan Lahan Basah" VB #</Process><Process ToolSource="c:\program files (x86)\arcgis\desktop10.2\ArcToolbox\Toolboxes\Data Management Tools.tbx\CalculateField" Date="20160919" Time="115426">CalculateField _1305_TANAH_DATAR_PR_03_P_SB KODE_UNSUR 50306100 VB #</Process><Process ToolSource="c:\program files (x86)\arcgis\desktop10.2\ArcToolbox\Toolboxes\Data Management Tools.tbx\CalculateField" Date="20160919" Time="115455">CalculateField _1305_TANAH_DATAR_PR_03_P_SB NAMA_UNSUR "Pertanian Pangan Lahan Kering" VB #</Process><Process ToolSource="c:\program files (x86)\arcgis\desktop10.2\ArcToolbox\Toolboxes\Data Management Tools.tbx\CalculateField" Date="20160919" Time="115504">CalculateField _1305_TANAH_DATAR_PR_03_P_SB KODE_UNSUR 50306200 VB #</Process><Process ToolSource="d:\program files (x86)\arcgis\desktop10.2\ArcToolbox\Toolboxes\Data Management Tools.tbx\CalculateField" Date="20161214" Time="144758">CalculateField _1305_TANAH_DATAR_PR_03_P_SB NAMA_UNSUR !NAMA_UNSUR!.title() PYTHON_9.3 #</Process><Process ToolSource="d:\program files (x86)\arcgis\desktop10.2\ArcToolbox\Toolboxes\Data Management Tools.tbx\CopyFeatures" Date="20161214" Time="145738">CopyFeatures "D:\Database Baru\1300_SUMATERA_BARAT.gdb\_1305_TANAH_DATAR\_1305_TANAH_DATAR_PR_03_P_SB" "D:\Database Layout Sumatera\SUMATERA BARAT\TANAH DATAR\SHP\_1305_TANAH_DATAR_PR_03_P_SB.shp" # 0 0 0</Process><Process ToolSource="c:\program files (x86)\arcgis\desktop10.2\ArcToolbox\Toolboxes\Data Management Tools.tbx\Dissolve" Date="20170314" Time="132328">Dissolve _1305_TANAH_DATAR_PR_03_P_SB "H:\PETA RENCANA (GDB)\OMP\Sumatera_Barat.gdb\Tanah_Datar\_1305_TANAH_DATAR_PR_03_P_SB_DISS" KET_PETA;NAMA_UNSUR;KODE_UNSUR;KET # MULTI_PART DISSOLVE_LINES</Process><Process ToolSource="c:\program files (x86)\arcgis\desktop10.2\ArcToolbox\Toolboxes\Data Management Tools.tbx\Eliminate" Date="20170314" Time="142827">Eliminate _1305_TANAH_DATAR_PR_03_P_SB_DISS "H:\PETA RENCANA (GDB)\OMP\Sumatera_Barat.gdb\Tanah_Datar\_1305_TANAH_DATAR_PR_03_P_SB_eliminate" LENGTH # #</Process><Process ToolSource="c:\program files (x86)\arcgis\desktop10.2\ArcToolbox\Toolboxes\Data Management Tools.tbx\Dissolve" Date="20170314" Time="145447">Dissolve _1305_TANAH_DATAR_PR_03_P_SB_eliminate "H:\PETA RENCANA (GDB)\OMP\Sumatera_Barat.gdb\Tanah_Datar\_1305_TANAH_DATAR_PR_03_P_SB_eliminate_dissolve_fiks" KET_PETA;NAMA_UNSUR;KODE_UNSUR;KET # MULTI_PART DISSOLVE_LINES</Process><Process ToolSource="d:\program files (x86)\arcgis\desktop10.5\ArcToolbox\Toolboxes\Data Management Tools.tbx\CopyFeatures" Date="20171218" Time="144236">CopyFeatures _1305_TANAH_DATAR E:\WebGIS\Sumbar.gdb\_1305_TANAH_DATAR # 0 0 0</Process><Process Name="Add Field" ToolSource="d:\program files (x86)\arcgis\desktop10.5\ArcToolbox\Toolboxes\Data Management Tools.tbx\AddField" Date="20171218" Time="144850">AddField _1305_TANAH_DATAR NAMOBJ TEXT # # 250 "Nama Objek" NULLABLE NON_REQUIRED #</Process><Process Name="Add Field (3)" ToolSource="d:\program files (x86)\arcgis\desktop10.5\ArcToolbox\Toolboxes\Data Management Tools.tbx\AddField" Date="20171218" Time="144853">AddField _1305_TANAH_DATAR WADMKK TEXT # # 250 "Nama Kabupaten/Kota" NULLABLE NON_REQUIRED #</Process><Process Name="Add Field (4)" ToolSource="d:\program files (x86)\arcgis\desktop10.5\ArcToolbox\Toolboxes\Data Management Tools.tbx\AddField" Date="20171218" Time="144855">AddField _1305_TANAH_DATAR WADMPR TEXT # # 250 "Nama Provinsi" NULLABLE NON_REQUIRED #</Process><Process Name="Add Field (5)" ToolSource="d:\program files (x86)\arcgis\desktop10.5\ArcToolbox\Toolboxes\Data Management Tools.tbx\AddField" Date="20171218" Time="144858">AddField _1305_TANAH_DATAR STSDRH TEXT # # 250 "Status Daerah" NULLABLE NON_REQUIRED #</Process><Process Name="Add Field (6)" ToolSource="d:\program files (x86)\arcgis\desktop10.5\ArcToolbox\Toolboxes\Data Management Tools.tbx\AddField" Date="20171218" Time="144900">AddField _1305_TANAH_DATAR STSDAT TEXT # # 250 "Status Data" NULLABLE NON_REQUIRED #</Process><Process Name="Add Field (2)" ToolSource="d:\program files (x86)\arcgis\desktop10.5\ArcToolbox\Toolboxes\Data Management Tools.tbx\AddField" Date="20171218" Time="144903">AddField _1305_TANAH_DATAR NOTHPR TEXT # # 250 "Nomor dan Tahun Peraturan" NULLABLE NON_REQUIRED #</Process><Process Name="Calculate Field" ToolSource="d:\program files (x86)\arcgis\desktop10.5\ArcToolbox\Toolboxes\Data Management Tools.tbx\CalculateField" Date="20171218" Time="172925">CalculateField _1305_TANAH_DATAR WADMKK "Tanah Datar" VB #</Process><Process Name="Calculate Field (2)" ToolSource="d:\program files (x86)\arcgis\desktop10.5\ArcToolbox\Toolboxes\Data Management Tools.tbx\CalculateField" Date="20171218" Time="172927">CalculateField _1305_TANAH_DATAR WADMPR "Sumatera Barat" VB #</Process><Process Name="Calculate Field (4)" ToolSource="d:\program files (x86)\arcgis\desktop10.5\ArcToolbox\Toolboxes\Data Management Tools.tbx\CalculateField" Date="20171218" Time="172929">CalculateField _1305_TANAH_DATAR STSDRH "Perda" VB #</Process><Process Name="Calculate Field (5)" ToolSource="d:\program files (x86)\arcgis\desktop10.5\ArcToolbox\Toolboxes\Data Management Tools.tbx\CalculateField" Date="20171218" Time="172932">CalculateField _1305_TANAH_DATAR STSDAT "Perda" VB #</Process><Process Name="Calculate Field (3)" ToolSource="d:\program files (x86)\arcgis\desktop10.5\ArcToolbox\Toolboxes\Data Management Tools.tbx\CalculateField" Date="20171218" Time="172934">CalculateField _1305_TANAH_DATAR NOTHPR "Perda No. 02 Tahun 2012" VB #</Process><Process ToolSource="d:\program files (x86)\arcgis\desktop10.5\ArcToolbox\Toolboxes\Data Management Tools.tbx\CalculateField" Date="20171218" Time="182525">CalculateField _1305_TANAH_DATAR NAMOBJ [KET_PETA] VB #</Process><Process ToolSource="C:\Users\George Dom\Documents\ArcGIS\WEBGIS_V6.tbx\DeleteField" Date="20171220" Time="123205">DeleteField _1305_TANAH_DATAR KET_PETA;NAMA_UNSUR;KODE_UNSUR;KET</Process><Process ToolSource="c:\program files (x86)\arcgis\desktop10.4\ArcToolbox\Toolboxes\Data Management Tools.tbx\CopyFeatures" Date="20180808" Time="142105">CopyFeatures _1305_TANAH_DATAR "E:\Untuk Share\Sementara\New File Geodatabase (2).gdb\_1305_TANAH_DATAR" # 0 0 0</Process><Process Name="Add Field" ToolSource="c:\program files (x86)\arcgis\desktop10.4\ArcToolbox\Toolboxes\Data Management Tools.tbx\AddField" Date="20180808" Time="143140">AddField _1305_TANAH_DATAR PP TEXT # # 250 "Peta Perda" NULLABLE NON_REQUIRED #</Process><Process Name="Add Field (2)" ToolSource="c:\program files (x86)\arcgis\desktop10.4\ArcToolbox\Toolboxes\Data Management Tools.tbx\AddField" Date="20180808" Time="143142">AddField _1305_TANAH_DATAR BA TEXT # # 250 "Berita Acara" NULLABLE NON_REQUIRED #</Process><Process Name="Add Field (3)" ToolSource="c:\program files (x86)\arcgis\desktop10.4\ArcToolbox\Toolboxes\Data Management Tools.tbx\AddField" Date="20180808" Time="143143">AddField _1305_TANAH_DATAR CT TEXT # # 250 Catatan NULLABLE NON_REQUIRED #</Process><Process Name="Add Field (4)" ToolSource="c:\program files (x86)\arcgis\desktop10.4\ArcToolbox\Toolboxes\Data Management Tools.tbx\AddField" Date="20180808" Time="143144">AddField _1305_TANAH_DATAR BT TEXT # # 250 "Batang Tubuh" NULLABLE NON_REQUIRED #</Process><Process Name="Calculate Field" ToolSource="c:\program files (x86)\arcgis\desktop10.4\ArcToolbox\Toolboxes\Data Management Tools.tbx\CalculateField" Date="20180808" Time="143146">CalculateField _1305_TANAH_DATAR PP 1305 VB #</Process><Process Name="Calculate Field (2)" ToolSource="c:\program files (x86)\arcgis\desktop10.4\ArcToolbox\Toolboxes\Data Management Tools.tbx\CalculateField" Date="20180808" Time="143147">CalculateField _1305_TANAH_DATAR BA "http://gistaru.atrbpn.go.id/repository/Pages/View?f=01_"+[PP]+"_BA" VB #</Process><Process Name="Calculate Field (3)" ToolSource="c:\program files (x86)\arcgis\desktop10.4\ArcToolbox\Toolboxes\Data Management Tools.tbx\CalculateField" Date="20180808" Time="143149">CalculateField _1305_TANAH_DATAR CT "http://gistaru.atrbpn.go.id/repository/Pages/View?f=02_"+[PP]+"_CT" VB #</Process><Process Name="Calculate Field (4)" ToolSource="c:\program files (x86)\arcgis\desktop10.4\ArcToolbox\Toolboxes\Data Management Tools.tbx\CalculateField" Date="20180808" Time="143150">CalculateField _1305_TANAH_DATAR BT "http://gistaru.atrbpn.go.id/repository/Pages/View?f=03_"+[PP]+"_BT" VB #</Process><Process Name="Calculate Field (5)" ToolSource="c:\program files (x86)\arcgis\desktop10.4\ArcToolbox\Toolboxes\Data Management Tools.tbx\CalculateField" Date="20180808" Time="143152">CalculateField _1305_TANAH_DATAR PP "http://gistaru.atrbpn.go.id/repository/Pages/View?f=01_"+[PP]+"_PP" VB #</Process><Process ToolSource="c:\program files (x86)\arcgis\desktop10.1\ArcToolbox\Toolboxes\Data Management Tools.tbx\CalculateField" Date="20190115" Time="160941">CalculateField SUMATERA_BARAT\_1304_TANAH_DATAR PP "http://gistaru.atrbpn.go.id/repository/Pages/View?f=01_1304_PP" VB #</Process><Process ToolSource="c:\program files (x86)\arcgis\desktop10.1\ArcToolbox\Toolboxes\Data Management Tools.tbx\CalculateField" Date="20190115" Time="161014">CalculateField SUMATERA_BARAT\_1304_TANAH_DATAR BA "http://gistaru.atrbpn.go.id/repository/Pages/View?f=01_1304_BA" VB #</Process><Process ToolSource="c:\program files (x86)\arcgis\desktop10.1\ArcToolbox\Toolboxes\Data Management Tools.tbx\CalculateField" Date="20190115" Time="161037">CalculateField SUMATERA_BARAT\_1304_TANAH_DATAR BT "http://gistaru.atrbpn.go.id/repository/Pages/View?f=03_1304_BT" VB #</Process><Process ToolSource="c:\program files (x86)\arcgis\desktop10.4\ArcToolbox\Toolboxes\Conversion Tools.tbx\FeatureClassToFeatureClass" Date="20190215" Time="085111">FeatureClassToFeatureClass _1304_TANAH_DATAR "D:\Sekar\Perbaikan Data 0409\TANAHDATAR\_1304_TANAHDATAR.gdb" _1304_TANAH_DATAR # "NAMOBJ "Nama Objek" true true false 250 Text 0 0 ,First,#,_1304_TANAH_DATAR,NAMOBJ,-1,-1;WADMKK "Nama Kabupaten/Kota" true true false 250 Text 0 0 ,First,#,_1304_TANAH_DATAR,WADMKK,-1,-1;WADMPR "Nama Provinsi" true true false 250 Text 0 0 ,First,#,_1304_TANAH_DATAR,WADMPR,-1,-1;STSDRH "Status Daerah" true true false 250 Text 0 0 ,First,#,_1304_TANAH_DATAR,STSDRH,-1,-1;STSDAT "Status Data" true true false 250 Text 0 0 ,First,#,_1304_TANAH_DATAR,STSDAT,-1,-1;NOTHPR "Nomor dan Tahun Peraturan" true true false 250 Text 0 0 ,First,#,_1304_TANAH_DATAR,NOTHPR,-1,-1;Shape_Length "Shape_Length" false true true 8 Double 0 0 ,First,#,_1304_TANAH_DATAR,Shape_Length,-1,-1;Shape_Area "Shape_Area" false true true 8 Double 0 0 ,First,#,_1304_TANAH_DATAR,Shape_Area,-1,-1;PP "Peta Perda" true true false 250 Text 0 0 ,First,#,_1304_TANAH_DATAR,PP,-1,-1;BA "Berita Acara" true true false 250 Text 0 0 ,First,#,_1304_TANAH_DATAR,BA,-1,-1;BT "Batang Tubuh" true true false 250 Text 0 0 ,First,#,_1304_TANAH_DATAR,BT,-1,-1" #</Process><Process ToolSource="c:\program files (x86)\arcgis\desktop10.4\ArcToolbox\Toolboxes\Data Management Tools.tbx\CalculateField" Date="20190215" Time="093157">CalculateField _1304_TANAH_DATAR NAMOBJ "Hutan Rakyat" VB #</Process><Process ToolSource="c:\program files (x86)\arcgis\desktop10.4\ArcToolbox\Toolboxes\Data Management Tools.tbx\CalculateField" Date="20190215" Time="093449">CalculateField _1304_TANAH_DATAR NAMOBJ "Hutan Rakyat" VB #</Process><Process ToolSource="c:\program files (x86)\arcgis\desktop10.4\ArcToolbox\Toolboxes\Data Management Tools.tbx\CalculateField" Date="20190215" Time="093830">CalculateField _1304_TANAH_DATAR NAMOBJ "Hutan Rakyat" VB #</Process><Process ToolSource="c:\program files (x86)\arcgis\desktop10.4\ArcToolbox\Toolboxes\Data Management Tools.tbx\CalculateField" Date="20190215" Time="093840">CalculateField _1304_TANAH_DATAR NAMOBJ "Hutan Rakyat" VB #</Process><Process ToolSource="c:\program files (x86)\arcgis\desktop10.4\ArcToolbox\Toolboxes\Data Management Tools.tbx\CalculateField" Date="20190215" Time="093855">CalculateField _1304_TANAH_DATAR NAMOBJ "Hutan Rakyat" VB #</Process><Process ToolSource="c:\program files (x86)\arcgis\desktop10.4\ArcToolbox\Toolboxes\Data Management Tools.tbx\CalculateField" Date="20190215" Time="093925">CalculateField _1304_TANAH_DATAR NAMOBJ "Hutan Rakyat" VB #</Process><Process ToolSource="c:\program files (x86)\arcgis\desktop10.4\ArcToolbox\Toolboxes\Data Management Tools.tbx\CalculateField" Date="20190215" Time="094231">CalculateField _1304_TANAH_DATAR NAMOBJ "Hutan Rakyat" VB #</Process><Process ToolSource="c:\program files (x86)\arcgis\desktop10.4\ArcToolbox\Toolboxes\Data Management Tools.tbx\CalculateField" Date="20190215" Time="094314">CalculateField _1304_TANAH_DATAR NAMOBJ "Hutan Rakyat" VB #</Process><Process ToolSource="c:\program files (x86)\arcgis\desktop10.4\ArcToolbox\Toolboxes\Data Management Tools.tbx\CalculateField" Date="20190215" Time="094536">CalculateField _1304_TANAH_DATAR NAMOBJ "Hutan Rakyat" VB #</Process><Process ToolSource="c:\program files (x86)\arcgis\desktop10.4\ArcToolbox\Toolboxes\Data Management Tools.tbx\CalculateField" Date="20190215" Time="111257">CalculateField _1304_TANAH_DATAR NAMOBJ "Hutan Rakyat" VB #</Process><Process ToolSource="c:\program files (x86)\arcgis\desktop10.4\ArcToolbox\Toolboxes\Data Management Tools.tbx\CalculateField" Date="20190215" Time="111501">CalculateField _1304_TANAH_DATAR NAMOBJ "Hutan Rakyat" VB #</Process><Process ToolSource="c:\program files (x86)\arcgis\desktop10.4\ArcToolbox\Toolboxes\Data Management Tools.tbx\Dissolve" Date="20190215" Time="122426">Dissolve _1304_TANAH_DATAR "D:\Sekar\Perbaikan Data 0409\TANAHDATAR\_1304_TANAHDATAR.gdb\_1304_TANAH_DATAR1" NAMOBJ;WADMKK;WADMPR;STSDRH;STSDAT;NOTHPR;PP;BA;BT # MULTI_PART DISSOLVE_LINES</Process></lineage></DataProperties><SyncDate>20220423</SyncDate><SyncTime>18064100</SyncTime><ModDate>20220423</ModDate><ModTime>18064100</ModTime></Esri><dataIdInfo><envirDesc Sync="TRUE"> Version 6.2 (Build 9200) ; Esri ArcGIS 10.8.0.12790</envirDesc><dataLang><languageCode value="eng" Sync="TRUE"></languageCode><countryCode value="IDN" Sync="TRUE"></countryCode></dataLang><idCitation><resTitle Sync="TRUE">_1304_TANAH_DATAR</resTitle><presForm><PresFormCd value="005" Sync="TRUE"></PresFormCd></presForm></idCitation><spatRpType><SpatRepTypCd value="001" Sync="TRUE"></SpatRepTypCd></spatRpType><dataExt><geoEle><GeoBndBox esriExtentType="search"><exTypeCode Sync="TRUE">1</exTypeCode><westBL Sync="TRUE">100.313403</westBL><eastBL Sync="TRUE">100.852184</eastBL><northBL Sync="TRUE">-0.277996</northBL><southBL Sync="TRUE">-0.659145</southBL></GeoBndBox></geoEle></dataExt></dataIdInfo><mdLang><languageCode value="eng" Sync="TRUE"></languageCode><countryCode value="IDN" Sync="TRUE"></countryCode></mdLang><distInfo><distFormat><formatName Sync="TRUE">File Geodatabase Feature Class</formatName></distFormat><distTranOps><transSize Sync="TRUE">0.000</transSize></distTranOps></distInfo><mdHrLv><ScopeCd value="005" Sync="TRUE"></ScopeCd></mdHrLv><mdHrLvName Sync="TRUE">dataset</mdHrLvName><refSysInfo><RefSystem><refSysID><identCode code="4326" Sync="TRUE"></identCode><idCodeSpace Sync="TRUE">EPSG</idCodeSpace><idVersion Sync="TRUE">6.14(3.0.1)</idVersion></refSysID></RefSystem></refSysInfo><spatRepInfo><VectSpatRep><geometObjs Name="_1304_TANAH_DATAR"><geoObjTyp><GeoObjTypCd value="002" Sync="TRUE"></GeoObjTypCd></geoObjTyp><geoObjCnt Sync="TRUE">10</geoObjCnt></geometObjs><topLvl><TopoLevCd value="001" Sync="TRUE"></TopoLevCd></topLvl></VectSpatRep></spatRepInfo><spdoinfo><ptvctinf><esriterm Name="_1304_TANAH_DATAR"><efeatyp Sync="TRUE">Simple</efeatyp><efeageom code="4" Sync="TRUE"></efeageom><esritopo Sync="TRUE">FALSE</esritopo><efeacnt Sync="TRUE">10</efeacnt><spindex Sync="TRUE">TRUE</spindex><linrefer Sync="TRUE">FALSE</linrefer></esriterm></ptvctinf></spdoinfo><eainfo><detailed Name="_1304_TANAH_DATAR"><enttyp><enttypl Sync="TRUE">_1304_TANAH_DATAR</enttypl><enttypt Sync="TRUE">Feature Class</enttypt><enttypc Sync="TRUE">10</enttypc></enttyp><attr><attrlabl Sync="TRUE">OBJECTID</attrlabl><attalias Sync="TRUE">OBJECTID</attalias><attrtype Sync="TRUE">OID</attrtype><attwidth Sync="TRUE">4</attwidth><atprecis Sync="TRUE">0</atprecis><attscale Sync="TRUE">0</attscale><attrdef Sync="TRUE">Internal feature number.</attrdef><attrdefs Sync="TRUE">Esri</attrdefs><attrdomv><udom Sync="TRUE">Sequential unique whole numbers that are automatically generated.</udom></attrdomv></attr><attr><attrlabl Sync="TRUE">Shape</attrlabl><attalias Sync="TRUE">Shape</attalias><attrtype Sync="TRUE">Geometry</attrtype><attwidth Sync="TRUE">0</attwidth><atprecis Sync="TRUE">0</atprecis><attscale Sync="TRUE">0</attscale><attrdef Sync="TRUE">Feature geometry.</attrdef><attrdefs Sync="TRUE">Esri</attrdefs><attrdomv><udom Sync="TRUE">Coordinates defining the features.</udom></attrdomv></attr><attr><attrlabl Sync="TRUE">NAMOBJ</attrlabl><attalias Sync="TRUE">Nama Objek</attalias><attrtype Sync="TRUE">String</attrtype><attwidth Sync="TRUE">250</attwidth><atprecis Sync="TRUE">0</atprecis><attscale Sync="TRUE">0</attscale></attr><attr><attrlabl Sync="TRUE">WADMKK</attrlabl><attalias Sync="TRUE">Nama Kabupaten/Kota</attalias><attrtype Sync="TRUE">String</attrtype><attwidth Sync="TRUE">250</attwidth><atprecis Sync="TRUE">0</atprecis><attscale Sync="TRUE">0</attscale></attr><attr><attrlabl Sync="TRUE">WADMPR</attrlabl><attalias Sync="TRUE">Nama Provinsi</attalias><attrtype Sync="TRUE">String</attrtype><attwidth Sync="TRUE">250</attwidth><atprecis Sync="TRUE">0</atprecis><attscale Sync="TRUE">0</attscale></attr><attr><attrlabl Sync="TRUE">STSDRH</attrlabl><attalias Sync="TRUE">Status Daerah</attalias><attrtype Sync="TRUE">String</attrtype><attwidth Sync="TRUE">250</attwidth><atprecis Sync="TRUE">0</atprecis><attscale Sync="TRUE">0</attscale></attr><attr><attrlabl Sync="TRUE">STSDAT</attrlabl><attalias Sync="TRUE">Status Data</attalias><attrtype Sync="TRUE">String</attrtype><attwidth Sync="TRUE">250</attwidth><atprecis Sync="TRUE">0</atprecis><attscale Sync="TRUE">0</attscale></attr><attr><attrlabl Sync="TRUE">NOTHPR</attrlabl><attalias Sync="TRUE">Nomor dan Tahun Peraturan</attalias><attrtype Sync="TRUE">String</attrtype><attwidth Sync="TRUE">250</attwidth><atprecis Sync="TRUE">0</atprecis><attscale Sync="TRUE">0</attscale></attr><attr><attrlabl Sync="TRUE">PP</attrlabl><attalias Sync="TRUE">Peta Perda</attalias><attrtype Sync="TRUE">String</attrtype><attwidth Sync="TRUE">250</attwidth><atprecis Sync="TRUE">0</atprecis><attscale Sync="TRUE">0</attscale></attr><attr><attrlabl Sync="TRUE">BA</attrlabl><attalias Sync="TRUE">Berita Acara</attalias><attrtype Sync="TRUE">String</attrtype><attwidth Sync="TRUE">250</attwidth><atprecis Sync="TRUE">0</atprecis><attscale Sync="TRUE">0</attscale></attr><attr><attrlabl Sync="TRUE">BT</attrlabl><attalias Sync="TRUE">Batang Tubuh</attalias><attrtype Sync="TRUE">String</attrtype><attwidth Sync="TRUE">250</attwidth><atprecis Sync="TRUE">0</atprecis><attscale Sync="TRUE">0</attscale></attr><attr><attrlabl Sync="TRUE">Shape_Area</attrlabl><attalias Sync="TRUE">Shape_Area</attalias><attrtype Sync="TRUE">Double</attrtype><attwidth Sync="TRUE">8</attwidth><atprecis Sync="TRUE">0</atprecis><attscale Sync="TRUE">0</attscale><attrdef Sync="TRUE">Area of feature in internal units squared.</attrdef><attrdefs Sync="TRUE">Esri</attrdefs><attrdomv><udom Sync="TRUE">Positive real numbers that are automatically generated.</udom></attrdomv></attr><attr><attrlabl Sync="TRUE">Shape_Length</attrlabl><attalias Sync="TRUE">Shape_Length</attalias><attrtype Sync="TRUE">Double</attrtype><attwidth Sync="TRUE">8</attwidth><atprecis Sync="TRUE">0</atprecis><attscale Sync="TRUE">0</attscale><attrdef Sync="TRUE">Length of feature in internal units.</attrdef><attrdefs Sync="TRUE">Esri</attrdefs><attrdomv><udom Sync="TRUE">Positive real numbers that are automatically generated.</udom></attrdomv></attr></detailed></eainfo><mdDateSt Sync="TRUE">20220423</mdDateSt></metadata>
